Organization,num_pubs,# of Pubs (recent),Cited by,Cited by (recent),H-index,H-index (recent),H-index (m),G-index,G-index (recent),i10-index,i10-index (recent),lat,lon
Space Telescope Science Institute,1,0,0,0,0,0,0,0,0,0,0,,
Syracuse University,23,16,427,50,7,4,0.875,21,4,7,1,,
Michigan Technological University,4,4,26,26,2,2,1,4,0,1,1,,
National Oceanic and Atmospheric Administration,1,1,0,0,0,0,0,0,,0,0,,
Bucknell University,8,7,81,71,4,3,1,8,7,4,3,,
University of Alabama,3,3,12,12,3,3,1,3,3,0,0,,
Southwest Research Institute,2,1,10,0,1,0,0.2,2,0,1,0,,
"University of California, Los Angeles",59,53,590,409,13,10,1.625,23,19,15,11,,
"University of California, Irvine",25,22,705,611,13,12,0.929,25,22,14,12,,
Stockholm University,2,1,39,0,1,0,0.143,2,0,1,0,,
University of North Georgia,1,1,4,4,1,1,1,1,1,0,0,,
Harvey Mudd College,2,2,1,1,1,1,0.333,1,1,0,0,,
"University of Nebraska, Lincoln",12,11,40,33,4,4,0.5,7,6,1,1,,
Case Western Reserve University,5,4,24,16,3,2,0.75,5,4,1,1,,
Julich Supercomputing Centre,1,1,0,0,0,0,0,0,0,0,0,,
University of Warmia and Mazury in Olsztyn,1,1,8,8,1,1,1,1,1,0,0,,
COPRO,1,1,0,0,0,0,0,0,0,0,0,,
University of South Florida,30,27,245,234,8,8,1.333,16,16,8,8,,
University of Pittsburgh,41,33,969,438,12,9,1.5,32,21,13,9,,
University of Maryland School of Medicine,2,2,13,13,2,2,2,2,2,0,0,,
University of Rochester,6,3,83,14,4,2,0.364,6,3,2,0,,
Arkansas State University,3,3,22,22,2,2,0.4,3,3,1,1,,
Paris Institue of Astrophysics,1,1,0,0,0,0,0,0,0,0,0,,
Perimeter Institute for Theoretical Physics,10,8,114,84,8,7,1.143,10,8,5,4,,
Missouri University of Science and Technology,9,9,38,38,5,5,1.667,7,7,1,1,,
King Abdullah University of Science and Technology,2,2,1,1,1,1,1,1,1,0,0,,
Freiberg University of Mining and Technology,1,1,41,41,1,1,1,1,1,1,1,,
Max Planck Society,1,0,101,0,1,0,1,1,0,1,0,,
University of Tulsa,7,6,63,39,3,3,0.429,7,6,2,1,,
University of North Dakota,3,2,2,2,1,1,0.2,2,2,0,0,,
Wake Forest University,2,2,5,5,1,1,0.333,2,2,0,0,,
Florida Institute of Technology,1,1,9,9,1,1,1,1,1,0,0,,
New York University,14,11,167,47,6,4,0.6,13,7,4,1,,
Ohio Supercomputer Center,1,0,24,0,1,0,1,1,0,1,0,,
Jefferson Medical College,1,1,4,4,1,1,1,1,1,0,0,,
University of North Carolina System Office,1,1,2,2,1,1,1,1,1,0,0,,
Clark Atlanta University,1,1,2,2,1,1,1,1,1,0,0,,
Monash University,1,0,19,0,1,0,1,1,0,1,0,,
Tel Aviv University,1,1,0,0,0,0,0,0,0,0,0,,
The Chinese University of Hong Kong,1,1,9,9,1,1,1,1,1,0,0,,
Boston College,1,1,0,0,0,0,0,0,0,0,0,,
The University of Texas at Dallas,2,2,0,0,0,0,0,0,0,0,0,,
Wayne State University,3,2,34,9,2,1,0.333,3,2,1,0,,
Naval Research Laboratory,1,0,0,0,0,0,0,0,0,0,0,,
Sonoma State University,1,1,4,4,1,1,1,1,1,0,0,,
"University of Colorado, Denver",4,4,23,23,3,3,1,4,4,1,1,,
Brandeis University,13,11,135,120,6,5,0.75,12,11,6,5,,
Vanderbilt University,15,13,120,120,5,5,0.714,11,11,4,4,,
Georgia Institute of Technology,53,48,930,671,13,11,0.812,31,26,17,13,,
Brigham Young University,2,2,1,1,1,1,0.25,1,1,0,0,,
University of Houston-Downtown,4,3,25,5,2,1,1,4,3,1,0,,
Max Planck Institute for Solar System Research,1,1,3,3,1,1,1,1,1,0,0,,
J Craig Venter Institute,1,1,0,0,0,0,0,0,0,0,0,,
National Autonomous University of Mexico,1,0,36,0,1,0,1,1,0,1,0,,
University of New Hampshire,6,4,39,16,3,2,0.375,6,4,2,1,,
Nagoya University,2,1,127,25,2,1,0.5,2,1,2,1,,
SUNY at Albany,1,1,0,0,0,0,0,0,0,0,0,,
Washington University in St. Louis,26,20,956,653,9,7,0.391,26,20,9,5,,
University of Liverpool,3,3,22,22,2,2,0.5,3,3,1,1,,
Masaryk University,1,1,1,1,1,1,1,1,1,0,0,,
University of Toledo,3,3,4,4,1,1,0.333,2,2,0,0,,
Rutgers University,1,1,2,2,1,1,1,1,1,0,0,,
Julich Research Centre,2,2,0,0,0,0,0,0,0,0,0,,
Macalester College,1,1,3,3,1,1,1,1,1,0,0,,
University of South Carolina,13,12,41,38,4,4,0.667,7,7,1,1,,
SUNY at Buffalo,7,7,8,8,2,2,0.667,3,3,0,0,,
Max Planck Institute for Astronomy,4,3,27,8,2,2,0.333,4,3,1,0,,
University of North Texas,2,2,5,5,2,2,0.5,2,2,0,0,,
Loyola University Chicago,2,2,0,0,0,0,0,0,0,0,0,,
Ponce Health Sciences University,1,1,3,3,1,1,1,1,1,0,0,,
NASA Goddard Space Flight Center,2,2,30,30,2,2,0.667,2,2,1,1,,
"University of Missouri, Columbia",2,1,6,3,2,1,0.333,2,1,0,0,,
California Institute of Technology,58,52,1398,967,16,15,1.778,38,31,28,23,,
Argonne National Laboratory,26,14,540,54,10,4,0.769,24,8,10,3,,
Virginia Institute of Marine Science,1,0,3,0,1,0,1,1,0,0,0,,
University of Nebraska at Lincoln,1,0,32,0,1,0,1,1,0,1,0,,
The Ohio State University,1,1,0,0,0,0,0,0,0,0,0,,
Weill Cornell Medical College,10,9,136,126,6,5,1,10,9,6,5,,
Worcester Polytechnic Institute,3,3,78,78,2,2,1,3,3,2,2,,
Centers for Disease Control and Prevention,1,1,0,0,0,0,0,0,0,0,0,,
North Carolina Museum of Natural Sciences,1,1,7,7,1,1,1,1,1,0,0,,
University of Wisconsin-Madison,34,31,417,198,9,8,1,20,13,9,7,,
Jet Propulsion Laboratory,2,1,12,2,2,1,0.333,2,1,1,0,,
Louisiana State University,28,21,367,177,10,7,0.714,20,14,10,6,,
Illinois Institute of Technology,5,4,17,13,2,2,0.286,5,4,1,1,,
George Washington University,12,9,92,23,4,2,0.5,10,5,3,1,,
"University of Massachusetts, Dartmouth",1,0,2,0,1,0,1,1,0,0,0,,
Indiana University-Purdue University Fort Wayne,5,5,37,37,4,4,1.333,5,5,2,2,,
Allegheny College,2,1,57,14,2,1,0.222,2,1,2,1,,
Michigan State University,24,24,435,435,10,10,2,21,21,10,10,,
University of Cincinnati,2,1,97,87,2,1,0.667,2,1,2,1,,
Utica College,3,2,5,2,2,1,0.667,3,2,0,0,,
"Wadsworth Center, New York State Department of Health",1,1,0,0,0,0,0,0,0,0,0,,
Armstrong Atlantic State University,2,2,10,10,1,1,0.333,2,2,1,1,,
University of Science and Technology of China,1,1,1,1,1,1,1,1,1,0,0,,
Kansas State University,2,2,15,15,1,1,0.333,2,2,1,1,,
Chosun University,2,2,19,19,2,2,2,2,2,1,1,,
ETH Zurich,2,1,37,1,1,1,0.167,2,1,1,0,,
"University of Puerto Rico, Rio Piedras",2,2,52,52,2,2,0.667,2,2,2,2,,
Stanford University School of Medicine,1,1,4,4,1,1,1,1,1,0,0,,
Center for Ocean-Land-Atmosphere Studies,1,1,2,2,1,1,1,1,1,0,0,,
"California Polytechnic State University, San Luis Obispo",1,1,13,13,1,1,1,1,1,1,1,,
Northwestern University,16,15,237,194,9,8,0.818,16,14,8,7,,
Ecole Normale Superieure De Lyon,1,0,101,0,1,0,1,1,0,1,0,,
Bowling Green State University,3,3,13,13,2,2,1,3,3,0,0,,
Nationwide Childrens Hospital Research Institute,1,1,1,1,1,1,1,1,1,0,0,,
"University of California, Riverside",16,16,239,239,7,7,1.75,16,16,7,7,,
"University of Michigan, Ann Arbor",1,1,5,5,1,1,1,1,1,0,0,,
San Francisco State University,2,0,35,0,2,0,2,2,0,2,0,,
Middle Tennessee State University,1,1,9,9,1,1,1,1,1,0,0,,
Wake Forest School of Medicine,6,6,4,4,1,1,0.333,2,2,0,0,,
Columbia University in the City of New York,49,46,537,532,14,14,2.333,22,22,16,16,,
"University of Alabama, Huntsville",5,3,73,11,3,2,0.375,5,3,1,0,,
Pacific Northwest National Laboratory,5,4,56,29,3,2,0.375,5,4,2,1,,
Hebrew University of Jerusalem,2,2,19,19,2,2,1,2,2,1,1,,
University of Texas at San Antonio,3,3,4,4,1,1,0.25,2,2,0,0,,
SDSU,1,0,26,0,1,0,1,1,0,1,0,,
Curtin University,2,2,2,2,1,1,0.5,2,2,0,0,,
"Institute of Botany, CAS",1,1,6,6,1,1,1,1,1,0,0,,
University of Texas at Arlington,2,2,2,2,1,1,1,2,2,0,0,,
Brown University,20,16,241,140,9,7,1.286,16,12,9,7,,
Rogers State University,1,1,0,0,0,0,0,0,0,0,0,,
Computational Science & Engineering,1,0,49,0,1,0,1,1,0,1,0,,
Wesleyan University,2,1,163,0,1,0,0.111,2,0,1,0,,
None,12,9,61,28,5,3,0.625,8,6,2,1,,
Southeastern Universities Research Association,3,3,6,6,1,1,0.5,3,3,0,0,,
University of Waterloo,4,2,20,14,3,2,0.001,4,2,0,0,,
US Army Corps of Engineers,1,1,3,3,1,1,1,1,1,0,0,,
UTEP,1,1,2,2,1,1,1,1,1,0,0,,
Joseph Fourier University,1,1,3,3,1,1,1,1,1,0,0,,
Illinois State University,1,0,6,0,1,0,1,1,0,0,0,,
University of Goettingen,1,1,1,1,1,1,1,1,1,0,0,,
Arizona State University,15,12,147,129,6,4,0.857,13,12,3,3,,
Massachusetts Institute of Technology,2,2,2,2,1,1,1,2,2,0,0,,
North Carolina State University at Raleigh,32,28,218,118,8,7,0.471,15,11,7,4,,
National Center for Atmospheric Research,13,11,266,101,6,6,0.667,13,11,6,5,,
University of Pennsylvania,20,19,77,70,5,4,0.714,9,9,3,3,,
Virginia Commonwealth University,11,10,79,55,5,4,0.833,9,8,3,2,,
Temple University,10,8,98,80,6,5,0.857,10,8,4,3,,
"Q-Chem, Inc.",1,1,251,251,1,1,1,1,1,1,1,,
Goethe University Frankfurt,2,2,9,9,2,2,0.667,2,2,0,0,,
CUNY Brooklyn College,7,6,131,32,4,3,0.333,7,6,2,1,,
Texas Tech University,3,3,6,6,1,1,0.333,3,3,0,0,,
University of Wuppertal,2,2,0,0,0,0,0,0,0,0,0,,
Yeshiva University,1,1,0,0,0,0,0,0,0,0,0,,
Southern University and A&M College,1,1,0,0,0,0,0,0,0,0,0,,
University of Wisconsin-Eau Claire,2,2,12,12,2,2,0.667,2,2,0,0,,
"University of California, Merced",8,8,31,31,4,4,0.8,6,6,0,0,,
Kwangwoon University,1,1,13,13,1,1,1,1,1,1,1,,
Kasetsart University,1,1,1,1,1,1,1,1,1,0,0,,
New Mexico Institute of Mining and Technology,2,2,5,5,1,1,0.25,2,2,0,0,,
"Pennsylvania State University, Mont Alto",1,1,0,0,0,0,0,0,0,0,0,,
Ohio State University,20,18,182,22,4,2,0.444,14,5,3,1,,
"University of California, San Diego",104,83,2006,1126,24,18,2,44,33,40,25,,
Boise State University,1,1,6,6,1,1,1,1,1,0,0,,
University of Granada,1,1,6,6,1,1,1,1,1,0,0,,
American Physical Society,1,0,416,0,1,0,1,1,0,1,0,,
Johns Hopkins University School of Medicine,1,1,0,0,0,0,0,0,0,0,0,,
Institute for Research in Computer Science and Automation,2,2,30,30,2,2,2,2,2,2,2,,
American Museum of Natural History,9,7,139,66,6,4,0.5,9,7,4,2,,
University of Akron,5,5,54,54,4,4,1.333,5,5,2,2,,
Georgetown University,5,5,23,23,3,3,1.5,5,5,1,1,,
University of Montana,1,1,1,1,1,1,1,1,1,0,0,,
RIKEN,1,1,0,0,0,0,0,0,0,0,0,,
University of the Balearic Islands,2,2,88,88,2,2,1,2,2,2,2,,
Indian Institute of Science,1,1,0,0,0,0,0,0,0,0,0,,
Pennsylvania State University,52,49,512,369,13,12,1.625,22,18,18,15,,
California State University-Los Angeles,3,2,106,12,2,1,0.182,3,2,2,1,,
Scripps Institution of Oceanography,10,8,68,30,4,4,0.5,9,6,2,1,,
Georgia State University,7,7,6,6,1,1,0.25,3,3,0,0,,
California State University-Fullerton,5,5,132,132,3,3,0.6,5,5,3,3,,
The University of Texas MD Anderson Cancer Center,2,2,12,12,2,2,1,2,2,1,1,,
Rochester Institute of Technology,21,15,308,173,9,6,1.5,18,14,9,5,,
University of Nevada-Las Vegas,2,2,74,74,2,2,1,2,2,2,2,,
University of Edinburgh,1,1,2,2,1,1,1,1,1,0,0,,
University of Vermont,7,7,13,13,2,2,0.4,4,4,0,0,,
UCSF,2,2,26,26,2,2,0.667,2,2,1,1,,
University of Oxford,2,2,6,6,2,2,2,2,2,0,0,,
Queen's University Belfast,1,0,0,0,0,0,0,0,0,0,0,,
North Dakota State University,4,4,2,2,1,1,0.333,2,2,0,0,,
Rockefeller University,1,1,10,10,1,1,1,1,1,1,1,,
Stanford University,52,41,1111,377,15,11,1.364,34,19,21,12,,
ISU,1,1,2,2,1,1,1,1,1,0,0,,
SUNY College of Environmental Science and Forestry,2,2,10,10,2,2,0.5,2,2,0,0,,
Northwestern Polytechnical University,1,1,6,6,1,1,1,1,1,0,0,,
"University of California, Berkeley",67,62,1107,964,16,15,2,33,31,26,22,,
University of Texas at Dallas,1,1,10,10,1,1,1,1,1,1,1,,
University of Utah School of Medicine,1,1,4,4,1,1,1,1,1,0,0,,
"Institute for Research in Biomedicine, Barcelona",1,1,13,13,1,1,1,1,1,1,1,,
"University of Michigan, Dearborn",7,6,255,10,3,2,0.231,7,4,1,0,,
High Energy Accelerator Research Organization,1,1,0,0,0,0,0,0,0,0,0,,
US Army,2,2,4,4,1,1,1,2,2,0,0,,
University of Leoben,1,1,8,8,1,1,1,1,1,0,0,,
Coastal Carolina University,2,2,0,0,0,0,0,0,0,0,0,,
Siena College,1,1,6,6,1,1,1,1,1,0,0,,
Los Alamos National Laboratory,7,3,539,42,5,1,0.625,7,3,5,1,,
Lamar University,4,4,8,8,2,2,0.667,3,3,0,0,,
Memorial Sloan Kettering Cancer Center,1,1,3,3,1,1,1,1,1,0,0,,
University of Exeter,1,1,1,1,1,1,1,1,1,0,0,,
University of Southern California,19,14,125,34,5,2,0.625,12,6,4,1,,
University of Texas Southwestern Medical Center,2,1,15,12,2,1,1,2,1,1,1,,
Cambridge University,3,3,23,23,3,3,1.5,3,3,1,1,,
The George Washington University,2,2,5,5,1,1,1,2,2,0,0,,
National Optical Astronomy Observatory,1,0,10,0,1,0,1,1,0,1,0,,
Computation Institute,1,0,163,0,1,0,1,1,0,1,0,,
"Southern Illinois University, Carbondale",4,4,6,6,1,1,0.333,3,3,0,0,,
Texas A&M University,19,16,571,147,7,6,0.778,19,13,4,3,,
West Virginia University,4,3,25,15,2,1,0.333,4,3,2,1,,
University of Iowa,6,5,42,31,3,2,0.375,6,5,2,1,,
Old Dominion University,5,5,1,1,1,1,0.25,1,1,0,0,,
San Diego State University,6,3,94,16,4,2,0.308,6,3,4,1,,
Indiana University at Bloomington,1,1,8,8,1,1,1,1,1,0,0,,
Texas Advanced Computing Center,12,7,336,23,4,2,0.5,12,5,4,1,,
University of Utah,36,27,1276,487,13,8,1.625,36,23,15,7,,
"SC Solutions, Inc.",1,1,3,3,1,1,1,1,1,0,0,,
Sri Sathya Sai Institute of Higher Learning,2,2,1,1,1,1,0.333,1,1,0,0,,
Corning Incorporated,1,0,3,0,1,0,1,1,0,0,0,,
Central University of the Caribbean,2,2,4,4,1,1,1,2,2,0,0,,
Centre College,2,2,2,2,1,1,0.5,2,2,0,0,,
Pittsburgh Supercomputing Center,7,3,348,152,4,1,0.5,7,3,3,1,,
Carnegie Mellon University,46,39,559,167,9,6,1,24,13,9,4,,
Alabama State University,1,1,2,2,1,1,1,1,1,0,0,,
New Jersey Institute of Technology,4,4,26,26,1,1,0.25,4,4,1,1,,
University of Mississippi,7,7,95,95,3,3,0.75,7,7,1,1,,
The Methodist Hospital System,4,4,2,2,1,1,0.5,2,2,0,0,,
University of Texas at Austin,61,44,754,340,10,6,0.625,28,19,13,6,,
"University of Maryland, College Park",36,29,785,382,13,11,0.929,28,20,17,12,,
Rensselaer Polytechnic Institute,6,6,175,175,4,4,4,6,6,2,2,,
University of Wisconsin-Milwaukee,5,4,27,20,3,3,0.429,5,4,0,0,,
Allegheny-Singer Research Institute,1,0,10,0,1,0,1,1,0,1,0,,
National Science Foundation,4,3,264,101,4,3,0.667,4,3,4,3,,
Kyoto University,1,1,3,3,1,1,1,1,1,0,0,,
Univeristy of Michigan,1,1,0,0,0,0,0,0,0,0,0,,
Cedars-Sinai Medical Center,1,1,5,5,1,1,1,1,1,0,0,,
Florida Atlantic University,6,5,128,118,5,4,0.833,6,5,5,4,,
Cornell University,50,42,1604,498,16,12,1.455,41,23,22,14,,
Villanova University,1,1,8,8,1,1,1,1,1,0,0,,
Virginia Polytechnic Institute and State University,10,7,129,45,5,2,0.714,10,7,4,2,,
University of Nevada-Reno,3,2,5,2,2,1,0.333,3,2,0,0,,
Ludwig Maximilian University of Munich,1,1,0,0,0,0,0,0,0,0,0,,
Burnham Institute,1,1,16,16,1,1,1,1,1,1,1,,
George Mason University,5,5,171,171,2,2,0.5,5,5,1,1,,
University of Cordoba,1,0,9,0,1,0,1,1,0,0,0,,
National Energy Technology Laboratory,1,1,0,0,0,0,0,0,0,0,0,,
Max Planck Institute for Gravitational Physics Albert Einstein Institute,9,9,231,231,7,7,1.4,9,9,5,5,,
Indiana University,42,23,2216,884,13,5,1,42,23,13,4,,
University of Toronto,14,14,180,180,7,7,1.4,14,14,6,6,,
Dartmouth College,1,1,3,3,1,1,1,1,1,0,0,,
Stevens Institute of Technology,1,1,9,9,1,1,1,1,1,0,0,,
Stanford University/ University of Cambridge,1,1,6,6,1,1,1,1,1,0,0,,
University of Texas Health Science Center at Houston,3,3,8,8,2,2,1,3,3,0,0,,
iPlant Collaborative,1,0,110,0,1,0,1,1,0,1,0,,
University of Trento,4,4,137,137,2,2,1,4,4,2,2,,
Eastern Michigan University,1,1,0,0,0,0,0,0,0,0,0,,
University of Houston-Clear Lake,2,2,0,0,0,0,0,0,0,0,0,,
"Predictive Science, Inc.",2,2,4,4,1,1,0.5,2,2,0,0,,
University of Florida,15,14,65,56,4,4,0.571,8,8,2,2,,
University of Reims Champagne-Ardenne,1,1,0,0,0,0,0,0,0,0,0,,
"University of Maryland, Eastern Shore",1,1,3,3,1,1,1,1,1,0,0,,
University of Texas Medical Branch at Galveston,7,6,25,19,3,2,0.5,5,5,1,1,,
Miami University,2,2,6,6,1,1,0.5,2,2,0,0,,
Merrimack College,2,2,2,2,1,1,0.5,2,2,0,0,,
SUNY Health Science Center at Brooklyn,1,1,5,5,1,1,1,1,1,0,0,,
Brookhaven National Laboratory,11,5,755,54,7,2,1,11,5,7,2,,
Univerisity of the Virgin Islands,1,1,6,6,1,1,1,1,1,0,0,,
University of Richmond,1,1,6,6,1,1,1,1,1,0,0,,
San Jose State University,2,2,8,8,2,2,2,2,2,0,0,,
University of Washington,33,28,564,451,11,8,1,24,22,11,7,,
Fred Hutchinson Cancer Research Center,1,1,0,0,0,0,0,0,0,0,0,,
University of Hamburg,1,1,7,7,1,1,1,1,1,0,0,,
City University of New York,3,1,43,6,3,1,0.273,3,1,2,0,,
University of Kentucky,11,9,114,75,6,4,0.429,11,9,6,4,,
Southern Methodist University,1,1,11,11,1,1,1,1,1,1,1,,
Jan Evangelista Purkyne University,2,2,7,7,2,2,2,2,2,0,0,,
National Institute for Computational Sciences,5,3,317,154,2,1,0.222,5,3,2,1,,
University of Erlangen-Nuremberg,1,1,0,0,0,0,0,0,0,0,0,,
Globus / University of chicago,1,1,0,0,0,0,0,0,0,0,0,,
Konkuk University,1,1,0,0,0,0,0,0,0,0,0,,
Grand Valley State University,1,1,2,2,1,1,1,1,1,0,0,,
University of Central Florida,10,10,29,29,3,3,0.75,6,6,1,1,,
University of Texas MD Anderson Cancer Center,2,2,2,2,1,1,0.5,2,2,0,0,,
Dalhousie University,1,0,30,0,1,0,1,1,0,1,0,,
Oregon Health and Science University,3,3,123,123,3,3,1.5,3,3,2,2,,
"Shodor Education Foundation, Inc.",2,1,315,152,2,1,0.286,2,1,2,1,,
Seattle University,1,1,0,0,0,0,0,0,0,0,0,,
Polish Academy of Sciences,1,0,48,0,1,0,1,1,0,1,0,,
Harvard University,28,27,417,406,10,10,0.909,21,21,11,10,,
Lawrence Livermore National Laboratory,9,4,518,21,4,2,0.19,9,4,4,1,,
Marquette University,3,3,19,19,1,1,0.333,3,3,1,1,,
University of Pittsburgh School of Medicine,7,7,47,47,4,4,1,7,7,2,2,,
Jiangxi Agricultural University,1,1,715,715,1,1,1,1,1,1,1,,
University of Heidelberg,1,1,1,1,1,1,1,1,1,0,0,,
"University of Colorado, Boulder",25,19,403,321,9,6,1.125,21,18,9,5,,
Wichita State University,1,1,0,0,0,0,0,0,0,0,0,,
Renaissance Computing Institute,1,0,163,0,1,0,1,1,0,1,0,,
CUNY The City College of New York,6,5,20,17,3,3,0.6,5,5,0,0,,
University of Louisville,1,1,0,0,0,0,0,0,0,0,0,,
university of michigan Medical School,2,0,13,0,2,0,2,2,0,1,0,,
National Center for Supercomputing Applications,1,1,1,1,1,1,1,1,1,0,0,,
Icahn School of Medicine at Mount Sinai,12,11,112,77,6,5,0.75,11,9,3,2,,
Chevron Corporation,1,1,1,1,1,1,1,1,1,0,0,,
St. John's University,1,0,27,0,1,0,1,1,0,1,0,,
The University of Melbourne,1,1,2,2,1,1,1,1,1,0,0,,
"Pennsylvania State University, University Park",2,2,41,41,2,2,0.4,2,2,2,2,,
USDA Agricultural Research Service,2,2,719,719,2,2,0.667,2,2,1,1,,
University of Houston,11,11,104,104,4,4,1,11,11,4,4,,
"University of Maryland, Baltimore County",12,10,1011,914,7,6,1.4,12,10,6,5,,
Harvard Medical School,2,2,10,10,1,1,1,2,2,1,1,,
Mercer University,1,1,0,0,0,0,0,0,0,0,0,,
University of Texas at El Paso,4,4,19,19,2,2,0.667,4,4,1,1,,
Nvidia Corporation,6,3,165,66,5,2,1.667,6,3,4,1,,
"University of Puerto Rico, Medical Sciences Campus",1,0,7,0,1,0,1,1,0,0,0,,
Andritz Automation,2,2,9,9,2,2,0.667,2,2,0,0,,
"University of California, Santa Barbara",58,48,1273,671,17,13,1.545,36,26,22,13,,
Idaho National Laboratory,1,1,12,12,1,1,1,1,1,1,1,,
University of L'Aquila,2,1,41,3,2,1,0.2,2,1,1,0,,
"Rutgers, the State University of New Jersey",48,45,289,249,9,9,1.286,16,15,9,8,,
Lawrence Berkeley National Laboratory,5,5,50,50,3,3,0.75,5,5,2,2,,
University of Tubingen,1,1,0,0,0,0,0,0,0,0,0,,
"University of California, Santa Cruz",3,3,201,201,3,3,1.5,3,3,2,2,,
Dresden University of Technology,2,2,715,715,1,1,0.333,2,2,1,1,,
"Texas A&M University, Commerce",1,1,1,1,1,1,1,1,1,0,0,,
"Institute of High Energy Physics, CAS",1,1,0,0,0,0,0,0,0,0,0,,
Florida International University,1,1,10,10,1,1,1,1,1,1,1,,
Princeton University,33,33,587,587,13,13,2.6,25,25,17,17,,
San Diego Supercomputer Center,14,8,229,14,5,2,0.5,14,4,3,0,,
Marian University,1,1,3,3,1,1,1,1,1,0,0,,
"University of Alabama, Birmingham",1,1,2,2,1,1,1,1,1,0,0,,
Swarthmore College,3,2,30,6,2,1,0.667,3,2,1,0,,
Harvard-Smithsonian Center for Astrophysics,1,1,257,257,1,1,1,1,1,1,1,,
Long Island University,2,2,2,2,1,1,0.5,2,2,0,0,,
University of Wyoming,1,1,0,0,0,0,0,0,0,0,0,,
Purdue University,40,28,765,451,8,6,0.533,28,22,8,4,,
Massachusetts Institute of Technology,78,74,1267,990,17,16,1.889,34,30,29,27,,
University of Notre Dame,14,14,37,37,3,3,0.75,6,6,1,1,,
Fermi National Accelerator Laboratory,11,4,493,3,5,1,0.625,11,2,5,0,,
University of Jena,4,3,87,85,2,2,0.4,4,3,2,2,,
Florida A&M University,1,1,0,0,0,0,0,0,0,0,0,,
"University of Missouri, Kansas City",2,2,0,0,0,0,0,0,0,0,0,,
University of Kansas,23,22,158,148,7,7,1.167,13,12,5,4,,
Swiss Federal Institute of Technology in Lausanne,1,1,0,0,0,0,0,0,0,0,0,,
Haverford College,3,3,159,159,3,3,0.75,3,3,2,2,,
Computational Infrastructure for Geodynamics,1,0,24,0,1,0,1,1,0,1,0,,
University of Tokyo,1,1,0,0,0,0,0,0,0,0,0,,
University of Oregon,4,4,15,15,2,2,1,4,4,0,0,,
Salk Institute for Biological Studies,4,3,157,140,4,3,0.167,4,3,4,3,,
University of Delaware,23,20,562,113,8,6,1,23,11,6,4,,
University of Calgary,2,2,11,11,2,2,1,2,2,0,0,,
Duke University,4,2,58,2,2,1,0.286,4,2,2,0,,
Tufts University,1,1,7,7,1,1,1,1,1,0,0,,
SUNY at Stony Brook,16,11,531,52,7,4,0.538,16,8,5,1,,
University of Georgia,3,2,21,8,3,2,0.75,3,2,1,0,,
Northern Illinois University,2,1,164,1,1,1,0.2,2,1,1,0,,
University of Sussex,2,2,65,65,2,2,1,2,2,2,2,,
University of Gdansk,1,1,8,8,1,1,1,1,1,0,0,,
University of Alberta,1,1,3,3,1,1,1,1,1,0,0,,
"University of Tennessee, Knoxville",28,27,350,240,8,7,1.333,19,16,6,5,,
Clark University,1,1,4,4,1,1,1,1,1,0,0,,
Oak Ridge National Laboratory,15,13,241,78,5,4,0.556,15,9,3,2,,
Rice University,24,20,338,216,10,9,1.111,19,15,11,8,,
University of Vienna,3,3,88,88,2,2,1,3,3,2,2,,
National Institutes of Health,1,0,67,0,1,0,1,1,0,1,0,,
University of the Pacific,5,2,201,0,2,0,0.333,5,0,2,0,,
Washington State University,6,6,66,66,4,4,0.286,6,6,2,2,,
"Office of Atomic Energy, Saclay",4,3,81,62,2,1,0.333,4,3,2,1,,
University of New England,2,2,27,27,2,2,1,2,2,1,1,,
Louisiana Optical Network Initiative,1,1,2,2,1,1,1,1,1,0,0,,
University of Memphis,3,1,28,0,2,0,0.5,3,0,1,0,,
Albany State University,1,1,1,1,1,1,1,1,1,0,0,,
Lester Ingber Research,3,3,2,2,1,1,0.25,2,2,0,0,,
Indiana University-Purdue University Indianapolis,7,5,234,102,4,2,0.5,7,5,4,2,,
University of Illinois at Urbana-Champaign,184,149,1807,1142,22,17,0.957,36,28,48,33,,
Louisiana Tech University,1,1,0,0,0,0,0,0,0,0,0,,
University of Michigan,65,61,865,779,14,12,2,28,27,19,15,,
Smithsonian Astrophysical Observatory,1,1,15,15,1,1,1,1,1,1,1,,
US Geological Survey,5,3,70,19,4,2,0.571,5,3,3,1,,
NAGPUR UNIVERSITY,1,1,0,0,0,0,0,0,0,0,0,,
Cold Spring Harbor Laboratory,2,0,125,0,2,0,1,2,0,2,0,,
University of Alabama in Huntsville,1,1,5,5,1,1,1,1,1,0,0,,
Universite de Strasbourg,1,1,0,0,0,0,0,0,0,0,0,,
Boston University,9,5,113,23,5,2,0.714,9,5,4,1,,
Emory University,7,7,36,36,2,2,0.5,6,6,2,2,,
University of Burgundy,1,0,3,0,1,0,1,1,0,0,0,,
Morgan State University,1,1,0,0,0,0,0,0,0,0,0,,
Space Science Institute,2,2,28,28,2,2,0.4,2,2,2,2,,
Drake University,8,7,58,33,3,3,0.3,8,6,2,1,,
Institute of Bioorganic Chemistry Polish Academy of Sciences,1,0,4,0,1,0,1,1,0,0,0,,
Korea Institute for Advanced Study,1,1,3,3,1,1,1,1,1,0,0,,
SUNY at Binghamton,8,8,46,46,2,2,0.4,7,7,1,1,,
Florida State University,19,19,80,80,5,5,1.25,9,9,2,2,,
Drexel University,22,20,220,91,6,6,0.429,15,10,4,2,,
Macquarie University,1,1,6,6,1,1,1,1,1,0,0,,
National Cancer Institute,1,0,3,0,1,0,1,1,0,0,0,,
Vanguard University of Southern California,1,1,0,0,0,0,0,0,0,0,0,,
Toyota Technological Institute at Chicago,2,1,26,2,2,1,0.667,2,1,1,0,,
"Pennsylvania State University Erie, The Behrend College",4,4,72,72,3,3,0.75,4,4,3,3,,
Japan Agency for Marine-Earth Science and Technology,2,2,19,19,2,2,1,2,2,1,1,,
University of Illinois at Chicago,8,5,181,5,4,1,0.667,8,3,3,0,,
Barnard College,1,0,1,0,1,0,1,1,0,0,0,,
University of Minnesota,15,15,99,99,6,6,1.2,10,10,5,5,,
Central Michigan University,2,2,3,3,1,1,1,2,2,0,0,,
New Mexico State University,8,7,15,9,3,2,0.429,4,3,0,0,,
College of William and Mary,4,4,12,12,2,2,1,4,4,0,0,,
Pukyung National University,1,1,1,1,1,1,1,1,1,0,0,,
Hamline University,1,1,41,41,1,1,1,1,1,1,1,,
Naval Postgraduate School,2,2,2,2,1,1,0.5,2,2,0,0,,
"University of Maryland, Baltimore",7,7,92,92,5,5,1.25,7,7,4,4,,
Iowa State University,23,22,108,95,7,6,1.167,10,9,4,3,,
Montana State University,1,1,0,0,0,0,0,0,0,0,0,,
Johns Hopkins University,44,42,318,305,9,9,1.5,17,17,9,8,,
Oregon State University,6,6,67,67,2,2,0.4,6,6,1,1,,
Duquesne University,3,3,26,26,3,3,0.75,3,3,1,1,,
IBM T.J. Watson Research Center,1,1,0,0,0,0,0,0,0,0,0,,
Hoover Institution,1,1,0,0,0,0,0,0,0,0,0,,
"University of North Carolina, Chapel Hill",7,5,72,67,3,2,0.375,7,5,2,2,,
Nicolaus Copernicus Astronomical Center Polish Academy of Sciences,1,1,1,1,1,1,1,1,1,0,0,,
Lehigh University,13,10,165,90,6,5,0.857,13,10,6,3,,
US Pacific Basin Agricultural Research Center,1,1,1,1,1,1,1,1,1,0,0,,
Clarkson University,1,1,0,0,0,0,0,0,0,0,0,,
"University of California, San Francisco",6,5,39,31,4,3,0.5,6,5,2,2,,
Harbin Institute of Technology,1,1,1,1,1,1,1,1,1,0,0,,
North Carolina Central University,2,2,0,0,0,0,0,0,0,0,0,,
North Carolina A&T State University,2,2,4,4,1,1,0.333,2,2,0,0,,
SUNY Health Science Center at Syracuse,1,1,2,2,1,1,1,1,1,0,0,,
Nanjing University,1,1,2,2,1,1,1,1,1,0,0,,
University College London,3,2,4,0,1,0,0.333,2,0,0,0,,
Hampton University,2,1,0,0,0,0,0,0,0,0,0,,
University of Illinois at Springfield,1,0,3,0,1,0,1,1,0,0,0,,
Zhejiang University,1,0,3,0,1,0,1,1,0,0,0,,
University of Texas Health Science Center at San Antonio,3,3,3,3,1,1,0.25,2,2,0,0,,
University of Virginia,27,25,370,283,8,8,1.333,20,17,8,6,,
University Corporation for Atmospheric Research,1,1,4,4,1,1,1,1,1,0,0,,
Montpellier 2 University,1,1,1,1,1,1,1,1,1,0,0,,
"University of Massachusetts, Amherst",10,8,231,34,5,3,0.625,10,6,4,2,,
Washburn University,1,0,1,0,1,0,1,1,0,0,0,,
University of Siena,2,2,5,5,1,1,1,2,2,0,0,,
Clemson University,4,3,177,14,2,1,0.286,4,3,2,1,,
Yale University,15,11,545,96,9,5,1,15,10,8,4,,
Northeastern University,10,6,270,154,7,4,1,10,6,7,4,,
"University of Hawaii, Manoa",1,1,4,4,1,1,1,1,1,0,0,,
University of Arizona,25,16,842,425,12,9,1.5,25,16,12,7,,
Vienna University of Technology,3,1,163,21,3,1,0.429,3,1,3,1,,
Baylor College of Medicine,7,5,49,29,5,3,0.455,7,5,2,1,,
University of Oklahoma,35,32,311,240,11,9,1.571,17,15,11,9,,
National Institute of Standards and Technology,1,0,28,0,1,0,1,1,0,1,0,,
Individual Award/Unaffiliated,5,5,4,4,2,2,1,2,2,0,0,,
Jefferson Laboratory,1,0,13,0,1,0,1,1,0,1,0,,
"VorCat, Inc.",1,0,5,0,1,0,1,1,0,0,0,,
Autonomous University of Madrid,3,1,74,21,3,1,0.375,3,1,3,1,,
Albert Einstein College of Medicine,3,3,4,4,1,1,0.333,2,2,0,0,,
University of Zurich,1,1,0,0,0,0,0,0,0,0,0,,
Multidisciplinary Center for Astrophysics,7,6,135,123,6,5,1,7,6,3,2,,
"University of California, Davis",22,16,576,82,8,5,1,22,9,8,3,,
University of Connecticut,8,8,82,82,5,5,1.667,8,8,4,4,,
National Renewable Energy Laboratory,3,3,7,7,1,1,1,3,3,0,0,,
Mississippi State University,3,3,12,12,1,1,0.2,3,3,1,1,,
Institute of High Energy Physics,1,1,33,33,1,1,1,1,1,1,1,,
Thomas Jefferson University,1,1,29,29,1,1,1,1,1,1,1,,
Heidelberg Institute for Theoretical Studies,3,2,132,22,3,2,0.6,3,2,2,1,,
Ball State University,1,0,163,0,1,0,1,1,0,1,0,,
University of Chicago,50,44,959,748,18,16,2,31,28,22,19,,
Colorado State University,4,3,32,19,3,3,0.6,4,3,2,1,,
The University of Texas at Arlington,1,1,1,1,1,1,1,1,1,0,0,,
Trinity College Dublin,1,1,0,0,0,0,0,0,0,0,0,,
University of California at San Diego,1,0,94,0,1,0,1,1,0,1,0,,
California State University-Northridge,6,6,47,47,3,3,0.75,6,6,2,2,,
Fayetteville State University,1,0,0,0,0,0,0,0,0,0,0,,
California State University-Long Beach,2,1,0,0,0,0,0,0,0,0,0,,
Huntsman Cancer Institute,3,3,32,32,2,2,1,3,3,1,1,,
"University of Colorado, Colorado Springs",1,0,67,0,1,0,1,1,0,1,0,,
University of New Mexico,9,9,25,25,3,3,0.6,5,5,0,0,,
Univeristy of California,1,1,0,0,0,0,0,0,0,0,0,,
University of Hong Kong,2,2,65,65,2,2,1,2,2,1,1,,
James Madison University,2,2,0,0,0,0,0,0,0,0,0,,
Jackson State University,9,9,52,52,4,4,0.8,8,8,2,2,,
University of Arkansas,11,10,125,58,5,4,0.833,11,8,4,3,,
